{
  "mse": 0.03637259871569325,
  "rmse": 0.19071601588669276,
  "mae": 0.14425263009473152,
  "r2": 0.8249062960052207
}