{
  "accuracy": 0.780952380952381,
  "f1_macro": 0.7644444444444444,
  "precision_macro": 0.867566662727953,
  "recall_macro": 0.7282625181220029,
  "confusion_matrix": [
    [
      29,
      0,
      20
    ],
    [
      0,
      38,
      23
    ],
    [
      2,
      1,
      97
    ]
  ]
}